Date,Price,Price percentage change,Currency
2026-06-19,1.213882,0.009,GBP
2026-06-18,1.213767,0.007,GBP
2026-06-17,1.213683,0.013,GBP
2026-06-16,1.213521,0.009,GBP
2026-06-15,1.213413,0.037,GBP
2026-06-12,1.212966,0.015,GBP
2026-06-11,1.21278,0.010,GBP
2026-06-10,1.212663,0.012,GBP
2026-06-09,1.212514,0.011,GBP
2026-06-08,1.212379,0.028,GBP
2026-06-05,1.212036,0.012,GBP
2026-06-04,1.211888,0.012,GBP
2026-06-03,1.211739,0.006,GBP
2026-06-02,1.211664,0.010,GBP
2026-06-01,1.211538,0.032,GBP
2026-05-29,1.211155,0.013,GBP
2026-05-28,1.210998,0.009,GBP
2026-05-27,1.210886,0.012,GBP
2026-05-26,1.21074,0.043,GBP
2026-05-22,1.210224,0.014,GBP
2026-05-21,1.210052,0.013,GBP
2026-05-20,1.209898,0.014,GBP
2026-05-19,1.209731,0.015,GBP
2026-05-18,1.209546,0.031,GBP
2026-05-15,1.209175,0.010,GBP
2026-05-14,1.209051,0.015,GBP
2026-05-13,1.208869,0.010,GBP
2026-05-12,1.208753,0.007,GBP
2026-05-11,1.208669,0.033,GBP
2026-05-08,1.208273,0.010,GBP
2026-05-07,1.208148,0.012,GBP
2026-05-06,1.208003,0.015,GBP
2026-05-05,1.207826,0.048,GBP
2026-05-01,1.207251,0.009,GBP
2026-04-30,1.207144,0.011,GBP
2026-04-29,1.207016,0.007,GBP
2026-04-28,1.206926,0.011,GBP
2026-04-27,1.206794,0.034,GBP
2026-04-24,1.206381,0.009,GBP
2026-04-23,1.20627,0.003,GBP
2026-04-22,1.20623,0.006,GBP
2026-04-21,1.206154,0.010,GBP
2026-04-20,1.206038,0.035,GBP
2026-04-17,1.205614,0.012,GBP
2026-04-16,1.205474,0.009,GBP
2026-04-15,1.205363,0.015,GBP
2026-04-14,1.205181,0.014,GBP
2026-04-13,1.205009,0.026,GBP
2026-04-10,1.204695,0.014,GBP
2026-04-09,1.204531,0.009,GBP
2026-04-08,1.204425,0.017,GBP
2026-04-07,1.20422,0.055,GBP
2026-04-02,1.203558,0.009,GBP
2026-04-01,1.203449,0.018,GBP
2026-03-31,1.203227,0.009,GBP
2026-03-30,1.203116,0.036,GBP
2026-03-27,1.202685,0.008,GBP
2026-03-26,1.202588,0.010,GBP
2026-03-25,1.202463,0.010,GBP
2026-03-24,1.202347,0.015,GBP
2026-03-23,1.202166,0.029,GBP
2026-03-20,1.201816,-0.007,GBP
2026-03-19,1.201899,-0.001,GBP
2026-03-18,1.20191,0.014,GBP
2026-03-17,1.201742,0.008,GBP
2026-03-16,1.201641,0.030,GBP
2026-03-13,1.201281,0.007,GBP
2026-03-12,1.2012,0.005,GBP
2026-03-11,1.201139,0.004,GBP
2026-03-10,1.201086,0.015,GBP
2026-03-09,1.200911,0.023,GBP
2026-03-06,1.200636,0.008,GBP
2026-03-05,1.200535,0.007,GBP
2026-03-04,1.200445,0.010,GBP
2026-03-03,1.200321,0.000,GBP
2026-03-02,1.200325,0.027,GBP
2026-02-27,1.199999,0.014,GBP
2026-02-26,1.199832,0.010,GBP
2026-02-25,1.199714,0.011,GBP
2026-02-24,1.199586,0.010,GBP
2026-02-23,1.199465,0.029,GBP
2026-02-20,1.199119,0.014,GBP
2026-02-19,1.198952,0.010,GBP
2026-02-18,1.198831,0.011,GBP
2026-02-17,1.198696,0.012,GBP
2026-02-16,1.198556,0.027,GBP
2026-02-13,1.198233,0.013,GBP
2026-02-12,1.198078,0.013,GBP
2026-02-11,1.197918,0.011,GBP
2026-02-10,1.197788,0.009,GBP
2026-02-09,1.197679,0.036,GBP
2026-02-06,1.197252,0.015,GBP
2026-02-05,1.197072,0.008,GBP
2026-02-04,1.196978,0.009,GBP
2026-02-03,1.196865,0.014,GBP
2026-02-02,1.196695,0.031,GBP
2026-01-30,1.196324,0.012,GBP
2026-01-29,1.196179,0.009,GBP
2026-01-28,1.196067,0.010,GBP
2026-01-27,1.195942,0.011,GBP
2026-01-26,1.195806,0.027,GBP
2026-01-23,1.195483,0.012,GBP
2026-01-22,1.195335,0.009,GBP
2026-01-21,1.195233,0.010,GBP
2026-01-20,1.195113,0.014,GBP
2026-01-19,1.194941,0.030,GBP
2026-01-16,1.194579,0.010,GBP
2026-01-15,1.194459,0.009,GBP
2026-01-14,1.194349,0.010,GBP
2026-01-13,1.194227,0.014,GBP
2026-01-12,1.194063,0.033,GBP
2026-01-09,1.193675,0.014,GBP
2026-01-08,1.193507,0.008,GBP
2026-01-07,1.193407,0.012,GBP
2026-01-06,1.193258,0.012,GBP
2026-01-05,1.193112,0.029,GBP
2026-01-02,1.192771,0.023,GBP
2025-12-31,1.192493,0.011,GBP
2025-12-30,1.192363,0.007,GBP
2025-12-29,1.192283,0.053,GBP
2025-12-24,1.191646,0.013,GBP
2025-12-23,1.191488,0.008,GBP
2025-12-22,1.191389,0.032,GBP
2025-12-19,1.191007,0.010,GBP
2025-12-18,1.190892,0.011,GBP
2025-12-17,1.190761,0.014,GBP
2025-12-16,1.190599,0.009,GBP
2025-12-15,1.190489,0.030,GBP
2025-12-12,1.190135,0.015,GBP
2025-12-11,1.189953,0.010,GBP
2025-12-10,1.189837,0.012,GBP
2025-12-09,1.189693,0.013,GBP
2025-12-08,1.189544,0.030,GBP
2025-12-05,1.189191,0.013,GBP
2025-12-04,1.189038,0.011,GBP
2025-12-03,1.188903,0.014,GBP
2025-12-02,1.188739,0.010,GBP
2025-12-01,1.188621,0.031,GBP
2025-11-28,1.188256,0.015,GBP
2025-11-27,1.188082,0.008,GBP
2025-11-26,1.187986,0.015,GBP
2025-11-25,1.187805,0.015,GBP
2025-11-24,1.187625,0.028,GBP
2025-11-21,1.187288,0.012,GBP
2025-11-20,1.187144,0.010,GBP
2025-11-19,1.187025,0.008,GBP
2025-11-18,1.186927,0.012,GBP
2025-11-17,1.18679,0.033,GBP
2025-11-14,1.186404,0.008,GBP
2025-11-13,1.186312,0.017,GBP
2025-11-12,1.186111,0.012,GBP
2025-11-11,1.185969,0.013,GBP
2025-11-10,1.185819,0.029,GBP
2025-11-07,1.185475,0.009,GBP
2025-11-06,1.185364,0.012,GBP
2025-11-05,1.185224,0.010,GBP
2025-11-04,1.185105,0.012,GBP
2025-11-03,1.184963,0.035,GBP
2025-10-31,1.184553,0.015,GBP
2025-10-30,1.184376,0.008,GBP
2025-10-29,1.184284,0.012,GBP
2025-10-28,1.184142,0.010,GBP
2025-10-27,1.184019,0.030,GBP
2025-10-24,1.18366,0.012,GBP
2025-10-23,1.183518,0.008,GBP
2025-10-22,1.183422,0.021,GBP
2025-10-21,1.18317,0.009,GBP
2025-10-20,1.183068,0.031,GBP
2025-10-17,1.182697,0.015,GBP
2025-10-16,1.182515,0.010,GBP
2025-10-15,1.182391,0.012,GBP
2025-10-14,1.182246,0.014,GBP
2025-10-13,1.182085,0.034,GBP
2025-10-10,1.181682,0.014,GBP
2025-10-09,1.181518,0.014,GBP
2025-10-08,1.181349,0.006,GBP
2025-10-07,1.181281,0.013,GBP
2025-10-06,1.181129,0.032,GBP
2025-10-03,1.180754,0.010,GBP
2025-10-02,1.180632,0.012,GBP
2025-10-01,1.180489,0.012,GBP
2025-09-30,1.180352,0.011,GBP
2025-09-29,1.180223,0.029,GBP
2025-09-26,1.179876,0.012,GBP
2025-09-25,1.179733,0.012,GBP
2025-09-24,1.179597,0.010,GBP
2025-09-23,1.179478,0.010,GBP
2025-09-22,1.179355,0.033,GBP
2025-09-19,1.178967,0.012,GBP
2025-09-18,1.178829,0.010,GBP
2025-09-17,1.178713,0.012,GBP
2025-09-16,1.178566,0.010,GBP
2025-09-15,1.17845,0.033,GBP
2025-09-12,1.178063,0.013,GBP
2025-09-11,1.177912,0.011,GBP
2025-09-10,1.177779,0.010,GBP
2025-09-09,1.177658,0.015,GBP
2025-09-08,1.177483,0.030,GBP
2025-09-05,1.177127,0.014,GBP
2025-09-04,1.176961,0.012,GBP
2025-09-03,1.176816,0.008,GBP
2025-09-02,1.176725,0.015,GBP
2025-09-01,1.176544,0.031,GBP
2025-08-29,1.176174,0.012,GBP
2025-08-28,1.176038,0.009,GBP
2025-08-27,1.175927,0.009,GBP
2025-08-26,1.175816,0.046,GBP
2025-08-22,1.175272,0.018,GBP
2025-08-21,1.175065,0.007,GBP
2025-08-20,1.174986,0.012,GBP
2025-08-19,1.174848,0.009,GBP
2025-08-18,1.174748,0.034,GBP
2025-08-15,1.174344,0.010,GBP
2025-08-14,1.174223,0.010,GBP
2025-08-13,1.174106,0.011,GBP
2025-08-12,1.17398,0.013,GBP
2025-08-11,1.173824,0.032,GBP
2025-08-08,1.173449,0.011,GBP
2025-08-07,1.173323,0.014,GBP
2025-08-06,1.173157,0.012,GBP
2025-08-05,1.173018,0.012,GBP
2025-08-04,1.17288,0.038,GBP
2025-08-01,1.172438,0.014,GBP
2025-07-31,1.172279,0.009,GBP
2025-07-30,1.172175,0.016,GBP
2025-07-29,1.171982,0.005,GBP
2025-07-28,1.171918,0.034,GBP
2025-07-25,1.171523,0.017,GBP
2025-07-24,1.171327,0.010,GBP
2025-07-23,1.17121,0.015,GBP
2025-07-22,1.171035,0.014,GBP
2025-07-21,1.170874,0.032,GBP
2025-07-18,1.170502,0.012,GBP
2025-07-17,1.170362,0.008,GBP
2025-07-16,1.170265,0.009,GBP
2025-07-15,1.17016,0.019,GBP
2025-07-14,1.169943,0.033,GBP
2025-07-11,1.169554,0.014,GBP
2025-07-10,1.169394,0.012,GBP
2025-07-09,1.169253,0.015,GBP
2025-07-08,1.169081,0.009,GBP
2025-07-07,1.168976,0.037,GBP
2025-07-04,1.168541,0.012,GBP
2025-07-03,1.168401,0.014,GBP
2025-07-02,1.168239,0.010,GBP
2025-07-01,1.16812,0.013,GBP
2025-06-30,1.167973,0.037,GBP
2025-06-27,1.167546,0.013,GBP
2025-06-26,1.167399,0.013,GBP
2025-06-25,1.16725,0.013,GBP
2025-06-24,1.167103,0.012,GBP
2025-06-23,1.166967,0.034,GBP
2025-06-20,1.166573,0.014,GBP
2025-06-19,1.166413,0.011,GBP
2025-06-18,1.166286,0.011,GBP
2025-06-17,1.166159,0.013,GBP
2025-06-16,1.166005,0.034,GBP
2025-06-13,1.165608,0.012,GBP
2025-06-12,1.165471,0.014,GBP
2025-06-11,1.165304,0.013,GBP
2025-06-10,1.165147,0.015,GBP
2025-06-09,1.164975,0.032,GBP
2025-06-06,1.164597,0.013,GBP
2025-06-05,1.164442,0.014,GBP
2025-06-04,1.164274,0.012,GBP
2025-06-03,1.164138,0.013,GBP
2025-06-02,1.163985,0.034,GBP
2025-05-30,1.163585,0.013,GBP
2025-05-29,1.163429,0.011,GBP
2025-05-28,1.163302,0.011,GBP
2025-05-27,1.163176,0.045,GBP
2025-05-23,1.162652,0.014,GBP
2025-05-22,1.16249,0.012,GBP
2025-05-21,1.162356,0.010,GBP
2025-05-20,1.162245,0.014,GBP
2025-05-19,1.162087,0.034,GBP
2025-05-16,1.161691,0.013,GBP
2025-05-15,1.16154,0.011,GBP
2025-05-14,1.161417,0.011,GBP
2025-05-13,1.161285,0.010,GBP
2025-05-12,1.161172,0.032,GBP
2025-05-09,1.160801,0.006,GBP
2025-05-08,1.160733,0.013,GBP
2025-05-07,1.160584,0.016,GBP
2025-05-06,1.160402,0.047,GBP
2025-05-02,1.159857,0.014,GBP
2025-05-01,1.159698,0.013,GBP
2025-04-30,1.159545,0.013,GBP
2025-04-29,1.159389,0.013,GBP
2025-04-28,1.159235,0.035,GBP
2025-04-25,1.158833,0.014,GBP
2025-04-24,1.15867,0.012,GBP
2025-04-23,1.158533,0.014,GBP
2025-04-22,1.15837,0.060,GBP
2025-04-17,1.157677,0.013,GBP
2025-04-16,1.157523,0.015,GBP
2025-04-15,1.157352,0.011,GBP
2025-04-14,1.157222,0.033,GBP
2025-04-11,1.156839,0.015,GBP
2025-04-10,1.156662,0.005,GBP
2025-04-09,1.156607,0.015,GBP
2025-04-08,1.15643,0.014,GBP
2025-04-07,1.156264,0.035,GBP
2025-04-04,1.155854,0.019,GBP
2025-04-03,1.155631,0.015,GBP
2025-04-02,1.155452,0.011,GBP
2025-04-01,1.155322,0.013,GBP
2025-03-31,1.155172,0.038,GBP
2025-03-28,1.154738,0.014,GBP
2025-03-27,1.154577,0.012,GBP
2025-03-26,1.154435,0.013,GBP
2025-03-25,1.154287,0.013,GBP
2025-03-24,1.154137,0.034,GBP
2025-03-21,1.153741,0.012,GBP
2025-03-20,1.153603,0.012,GBP
2025-03-19,1.153464,0.011,GBP
2025-03-18,1.153332,0.012,GBP
2025-03-17,1.153194,0.035,GBP
2025-03-14,1.152795,0.015,GBP
2025-03-13,1.152627,0.012,GBP
2025-03-12,1.152494,0.013,GBP
2025-03-11,1.152344,0.019,GBP
2025-03-10,1.152124,0.029,GBP
2025-03-07,1.151786,0.013,GBP
2025-03-06,1.151637,0.012,GBP
2025-03-05,1.151503,0.013,GBP
2025-03-04,1.151356,0.012,GBP
2025-03-03,1.151215,0.035,GBP
2025-02-28,1.150812,0.015,GBP
2025-02-27,1.150644,0.013,GBP
2025-02-26,1.150496,0.012,GBP
2025-02-25,1.150354,0.011,GBP
2025-02-24,1.150223,0.036,GBP
2025-02-21,1.149804,0.013,GBP
2025-02-20,1.149651,0.012,GBP
2025-02-19,1.149512,0.011,GBP
2025-02-18,1.149389,0.012,GBP
2025-02-17,1.14925,0.035,GBP
2025-02-14,1.148848,0.014,GBP
2025-02-13,1.148686,0.012,GBP
2025-02-12,1.148547,0.011,GBP
2025-02-11,1.148423,0.013,GBP
2025-02-10,1.148273,0.036,GBP
2025-02-07,1.147856,0.017,GBP
2025-02-06,1.147664,0.013,GBP
2025-02-05,1.147518,0.013,GBP
2025-02-04,1.147365,0.014,GBP
2025-02-03,1.147203,0.038,GBP
2025-01-31,1.146771,0.016,GBP
2025-01-30,1.146584,0.015,GBP
2025-01-29,1.146409,0.009,GBP
2025-01-28,1.146307,0.021,GBP
2025-01-27,1.14607,0.036,GBP
2025-01-24,1.145656,0.017,GBP
2025-01-23,1.14546,0.013,GBP
2025-01-22,1.145308,0.013,GBP
2025-01-21,1.145157,0.013,GBP
2025-01-20,1.14501,0.038,GBP
2025-01-17,1.144578,0.017,GBP
2025-01-16,1.144388,0.015,GBP
2025-01-15,1.144218,0.016,GBP
2025-01-14,1.144034,0.013,GBP
2025-01-13,1.143891,0.036,GBP
2025-01-10,1.143482,0.017,GBP
2025-01-09,1.143291,0.012,GBP
2025-01-08,1.143152,0.013,GBP
2025-01-07,1.143002,0.016,GBP
2025-01-06,1.142824,0.036,GBP
2025-01-03,1.142416,0.017,GBP
2025-01-02,1.142225,0.027,GBP
2024-12-31,1.141922,0.014,GBP
2024-12-30,1.141762,0.035,GBP
2024-12-27,1.141358,0.039,GBP
2024-12-24,1.140913,0.016,GBP
2024-12-23,1.140732,0.034,GBP
2024-12-20,1.140343,0.017,GBP
2024-12-19,1.140149,0.011,GBP
2024-12-18,1.140023,0.015,GBP
2024-12-17,1.139856,0.011,GBP
2024-12-16,1.139735,0.033,GBP
2024-12-13,1.139357,0.017,GBP
2024-12-12,1.139165,0.013,GBP
2024-12-11,1.139013,0.013,GBP
2024-12-10,1.138865,0.015,GBP
2024-12-09,1.138696,0.035,GBP
2024-12-06,1.138296,0.014,GBP
2024-12-05,1.138137,0.013,GBP
2024-12-04,1.137985,0.012,GBP
2024-12-03,1.137843,0.013,GBP
2024-12-02,1.137694,0.037,GBP
2024-11-29,1.137274,0.015,GBP
2024-11-28,1.137106,0.013,GBP
2024-11-27,1.136956,0.016,GBP
2024-11-26,1.136779,0.013,GBP
2024-11-25,1.136628,0.039,GBP
2024-11-22,1.136185,0.014,GBP
2024-11-21,1.136025,0.013,GBP
2024-11-20,1.135875,0.013,GBP
2024-11-19,1.135723,0.013,GBP
2024-11-18,1.135576,0.038,GBP
2024-11-15,1.135139,0.015,GBP
2024-11-14,1.134967,0.013,GBP
2024-11-13,1.134819,0.012,GBP
2024-11-12,1.134687,0.013,GBP
2024-11-11,1.134537,0.037,GBP
2024-11-08,1.134115,0.014,GBP
2024-11-07,1.133954,0.015,GBP
2024-11-06,1.133786,0.016,GBP
2024-11-05,1.133608,0.013,GBP
2024-11-04,1.133458,0.041,GBP
2024-11-01,1.132988,0.011,GBP
2024-10-31,1.132859,0.008,GBP
2024-10-30,1.132765,0.013,GBP
2024-10-29,1.132619,0.016,GBP
2024-10-28,1.132435,0.035,GBP
2024-10-25,1.132044,0.015,GBP
2024-10-24,1.131872,0.013,GBP
2024-10-23,1.131725,0.014,GBP
2024-10-22,1.131569,0.013,GBP
2024-10-21,1.131417,0.038,GBP
2024-10-18,1.130987,0.016,GBP
2024-10-17,1.130801,0.014,GBP
2024-10-16,1.13064,0.017,GBP
2024-10-15,1.130448,0.015,GBP
2024-10-14,1.130284,0.037,GBP
2024-10-11,1.129864,0.017,GBP
2024-10-10,1.129672,0.013,GBP
2024-10-09,1.129529,0.014,GBP
2024-10-08,1.129366,0.014,GBP
2024-10-07,1.129211,0.035,GBP
2024-10-04,1.12882,0.016,GBP
2024-10-03,1.128642,0.016,GBP
2024-10-02,1.128458,0.013,GBP
2024-10-01,1.12831,0.013,GBP
2024-09-30,1.12816,0.038,GBP
2024-09-27,1.12773,0.016,GBP
2024-09-26,1.127546,0.013,GBP
2024-09-25,1.127398,0.015,GBP
2024-09-24,1.127225,0.014,GBP
2024-09-23,1.127072,0.038,GBP
2024-09-20,1.126643,0.009,GBP
2024-09-19,1.126539,0.015,GBP
2024-09-18,1.126366,0.010,GBP
2024-09-17,1.126248,0.015,GBP
2024-09-16,1.126081,0.041,GBP
2024-09-13,1.125622,0.018,GBP
2024-09-12,1.12542,0.014,GBP
2024-09-11,1.125257,0.015,GBP
2024-09-10,1.125085,0.013,GBP
2024-09-09,1.124935,0.038,GBP
2024-09-06,1.124512,0.017,GBP
2024-09-05,1.124317,0.016,GBP
2024-09-04,1.124138,0.013,GBP
2024-09-03,1.123989,0.014,GBP
2024-09-02,1.123834,0.038,GBP
2024-08-30,1.123403,0.017,GBP
2024-08-29,1.12321,0.014,GBP
2024-08-28,1.123053,0.014,GBP
2024-08-27,1.122894,0.052,GBP
2024-08-23,1.122309,0.016,GBP
2024-08-22,1.122128,0.014,GBP
2024-08-21,1.121966,0.015,GBP
2024-08-20,1.121797,0.013,GBP
2024-08-19,1.121656,0.040,GBP
2024-08-16,1.121211,0.011,GBP
2024-08-15,1.121089,0.011,GBP
2024-08-14,1.120961,0.013,GBP
2024-08-13,1.120814,0.020,GBP
2024-08-12,1.12059,0.029,GBP
2024-08-09,1.120267,0.017,GBP
2024-08-08,1.120073,0.013,GBP
2024-08-07,1.119923,0.014,GBP
2024-08-06,1.119769,0.010,GBP
2024-08-05,1.119653,0.050,GBP
2024-08-02,1.119091,0.032,GBP
2024-08-01,1.118733,0.018,GBP
2024-07-31,1.118536,0.016,GBP
2024-07-30,1.118357,0.013,GBP
2024-07-29,1.118207,0.043,GBP
2024-07-26,1.117725,0.018,GBP
2024-07-25,1.117524,0.016,GBP
2024-07-24,1.117346,0.015,GBP
2024-07-23,1.117175,0.012,GBP
2024-07-22,1.117039,0.042,GBP
2024-07-19,1.116567,0.019,GBP
2024-07-18,1.116359,0.015,GBP
2024-07-17,1.116187,0.012,GBP
2024-07-16,1.116049,0.015,GBP
2024-07-15,1.11588,0.040,GBP
2024-07-12,1.115433,0.017,GBP
2024-07-11,1.115242,0.014,GBP
2024-07-10,1.115089,0.014,GBP
2024-07-09,1.114931,0.013,GBP
2024-07-08,1.114786,0.042,GBP
2024-07-05,1.114318,0.017,GBP
2024-07-04,1.11413,0.016,GBP
2024-07-03,1.113949,0.014,GBP
2024-07-02,1.113792,0.016,GBP
2024-07-01,1.113616,0.041,GBP
2024-06-28,1.113159,0.016,GBP
2024-06-27,1.112976,0.015,GBP
2024-06-26,1.11281,0.014,GBP
2024-06-25,1.112656,0.015,GBP
2024-06-24,1.112488,0.042,GBP
2024-06-21,1.112017,0.018,GBP
2024-06-20,1.111821,0.015,GBP
2024-06-19,1.111654,0.013,GBP
2024-06-18,1.111505,0.013,GBP
2024-06-17,1.111361,0.042,GBP
2024-06-14,1.110898,0.019,GBP
2024-06-13,1.110686,0.016,GBP
2024-06-12,1.110508,0.013,GBP
2024-06-11,1.110359,0.014,GBP
2024-06-10,1.110202,0.040,GBP
2024-06-07,1.109757,0.018,GBP
2024-06-06,1.109556,0.015,GBP
2024-06-05,1.109385,0.013,GBP
2024-06-04,1.109236,0.016,GBP
2024-06-03,1.10906,0.040,GBP
2024-05-31,1.10862,0.018,GBP
2024-05-30,1.108422,0.014,GBP
2024-05-29,1.108263,0.017,GBP
2024-05-28,1.108078,0.049,GBP
2024-05-24,1.107532,0.015,GBP
2024-05-23,1.107365,0.013,GBP
2024-05-22,1.107216,0.009,GBP
2024-05-21,1.107119,0.015,GBP
2024-05-20,1.106954,0.038,GBP
2024-05-17,1.106538,0.016,GBP
2024-05-16,1.106359,0.015,GBP
2024-05-15,1.106193,0.014,GBP
2024-05-14,1.106043,0.014,GBP
2024-05-13,1.105886,0.038,GBP
2024-05-10,1.105467,0.021,GBP
2024-05-09,1.105239,0.014,GBP
2024-05-08,1.10508,0.019,GBP
2024-05-07,1.104875,0.048,GBP
2024-05-03,1.10435,0.021,GBP
2024-05-02,1.104121,0.014,GBP
2024-05-01,1.103967,0.014,GBP
2024-04-30,1.103809,0.014,GBP
2024-04-29,1.103652,0.039,GBP
2024-04-26,1.103223,0.018,GBP
2024-04-25,1.103019,0.013,GBP
2024-04-24,1.102873,0.011,GBP
2024-04-23,1.102748,0.015,GBP
2024-04-22,1.102579,0.039,GBP
2024-04-19,1.102146,0.019,GBP
2024-04-18,1.101941,0.015,GBP
2024-04-17,1.101776,0.0124,GBP
2024-04-16,1.101639,0.0131,GBP
2024-04-15,1.101495,0.0381,GBP
2024-04-12,1.101075,0.0207,GBP
2024-04-11,1.100847,0.0095,GBP
2024-04-10,1.100742,0.0142,GBP
2024-04-09,1.100586,0.0143,GBP
2024-04-08,1.100429,0.0365,GBP
2024-04-05,1.100028,0.0205,GBP
2024-04-04,1.099803,0.0151,GBP
2024-04-03,1.099637,0.014,GBP
2024-04-02,1.099483,0.0612,GBP
2024-03-28,1.098811,0.0246,GBP
2024-03-27,1.098541,0.0134,GBP
2024-03-26,1.098394,0.0138,GBP
2024-03-25,1.098242,0.0351,GBP
2024-03-22,1.097857,0.0228,GBP
2024-03-21,1.097607,0.0162,GBP
2024-03-20,1.097429,0.0141,GBP
2024-03-19,1.097274,0.0145,GBP
2024-03-18,1.097115,0.0375,GBP
2024-03-15,1.096704,0.0202,GBP
2024-03-14,1.096483,0.0117,GBP
2024-03-13,1.096355,0.0165,GBP
2024-03-12,1.096174,0.0017,GBP
2024-03-11,1.096155,0.0391,GBP
2024-03-08,1.095727,0.0206,GBP
2024-03-07,1.095501,0.0135,GBP
2024-03-06,1.095353,0.0157,GBP
2024-03-05,1.095181,0.0164,GBP
2024-03-04,1.095001,0.0372,GBP
2024-03-01,1.094594,0.0208,GBP
2024-02-29,1.094366,0.0153,GBP
2024-02-28,1.094199,0.0152,GBP
2024-02-27,1.094033,0.0148,GBP
2024-02-26,1.093871,0.0395,GBP
2024-02-23,1.093439,0.0188,GBP
2024-02-22,1.093234,0.014,GBP
2024-02-21,1.093081,0.0154,GBP
2024-02-20,1.092913,0.016,GBP
2024-02-19,1.092738,0.0374,GBP
2024-02-16,1.092329,0.0191,GBP
2024-02-15,1.09212,0.0154,GBP
2024-02-14,1.091952,0.0142,GBP
2024-02-13,1.091797,0.0145,GBP
2024-02-12,1.091639,0.0389,GBP
2024-02-09,1.091214,0.0181,GBP
2024-02-08,1.091017,0.0111,GBP
2024-02-07,1.090896,0.0177,GBP
2024-02-06,1.090703,0.0144,GBP
2024-02-05,1.090546,0.0388,GBP
2024-02-02,1.090123,0.018,GBP
2024-02-01,1.089927,0.0166,GBP
2024-01-31,1.089746,0.0132,GBP
2024-01-30,1.089602,0.018,GBP
2024-01-29,1.089406,0.037,GBP
2024-01-26,1.089003,0.0195,GBP
2024-01-25,1.088791,0.0142,GBP
2024-01-24,1.088636,0.0158,GBP
2024-01-23,1.088464,0.0132,GBP
2024-01-22,1.08832,0.0397,GBP
2024-01-19,1.087888,0.0187,GBP
2024-01-18,1.087685,0.013,GBP
2024-01-17,1.087544,0.0155,GBP
2024-01-16,1.087375,0.0144,GBP
2024-01-15,1.087218,0.0393,GBP
2024-01-12,1.086791,0.0195,GBP
2024-01-11,1.086579,0.0133,GBP
2024-01-10,1.086435,0.0147,GBP
2024-01-09,1.086275,0.0147,GBP
2024-01-08,1.086115,0.0386,GBP
2024-01-05,1.085696,0.0186,GBP
2024-01-04,1.085494,0.0141,GBP
2024-01-03,1.085341,0.0146,GBP
2024-01-02,1.085183,0.0511,GBP
2023-12-29,1.084629,0.0187,GBP
2023-12-28,1.084426,0.0139,GBP
2023-12-27,1.084275,0.0627,GBP
2023-12-22,1.083596,0.0243,GBP
2023-12-21,1.083333,0.0142,GBP
2023-12-20,1.083179,0.0174,GBP
2023-12-19,1.082991,0.0165,GBP
2023-12-18,1.082812,0.0373,GBP
2023-12-15,1.082408,0.0207,GBP
2023-12-14,1.082184,0.0171,GBP
2023-12-13,1.081999,0.0151,GBP
2023-12-12,1.081836,0.0149,GBP
2023-12-11,1.081675,0.0382,GBP
2023-12-08,1.081262,0.0202,GBP
2023-12-07,1.081044,0.0155,GBP
2023-12-06,1.080876,0.0145,GBP
2023-12-05,1.080719,0.017,GBP
2023-12-04,1.080535,0.0407,GBP
2023-12-01,1.080095,0.0187,GBP
2023-11-30,1.079893,0.0181,GBP
2023-11-29,1.079698,0.0159,GBP
2023-11-28,1.079526,0.0043,GBP
2023-11-27,1.07948,0.0394,GBP
2023-11-24,1.079055,0.0193,GBP
2023-11-23,1.078847,0.0142,GBP
2023-11-22,1.078694,0.0143,GBP
2023-11-21,1.07854,0.0145,GBP
2023-11-20,1.078384,0.04,GBP
2023-11-17,1.077953,0.0186,GBP
2023-11-16,1.077752,0.0134,GBP
2023-11-15,1.077608,0.0168,GBP
2023-11-14,1.077427,0.0147,GBP
2023-11-13,1.077269,0.0433,GBP
2023-11-10,1.076803,0.0164,GBP
2023-11-09,1.076626,0.0219,GBP
2023-11-08,1.07639,0.0157,GBP
2023-11-07,1.076221,0.0146,GBP
2023-11-06,1.076064,0.0403,GBP
2023-11-03,1.07563,0.0183,GBP
2023-11-02,1.075433,0.0148,GBP
2023-11-01,1.075274,0.0123,GBP
2023-10-31,1.075142,0.0158,GBP
2023-10-30,1.074972,0.04,GBP
2023-10-27,1.074542,0.0183,GBP
2023-10-26,1.074345,0.014,GBP
2023-10-25,1.074195,0.0144,GBP
2023-10-24,1.07404,0.02,GBP
2023-10-23,1.073825,0.0363,GBP
2023-10-20,1.073435,0.0212,GBP
2023-10-19,1.073208,0.0137,GBP
2023-10-18,1.073061,0.0132,GBP
2023-10-17,1.072919,0.0196,GBP
2023-10-16,1.072709,0.0366,GBP
2023-10-13,1.072317,0.0163,GBP
2023-10-12,1.072142,0.0147,GBP
2023-10-11,1.071984,0.016,GBP
2023-10-10,1.071813,0.0184,GBP
2023-10-09,1.071616,0.0375,GBP
2023-10-06,1.071214,0.0193,GBP
2023-10-05,1.071007,0.0159,GBP
2023-10-04,1.070837,0.0111,GBP
2023-10-03,1.070718,0.0175,GBP
2023-10-02,1.070531,0.0375,GBP
2023-09-29,1.07013,0.0174,GBP
2023-09-28,1.069944,0.015,GBP
2023-09-27,1.069783,0.0146,GBP
2023-09-26,1.069627,0.0145,GBP
2023-09-25,1.069472,0.0396,GBP
2023-09-22,1.069049,0.0243,GBP
2023-09-21,1.068789,0.0146,GBP
2023-09-20,1.068633,0.0184,GBP
2023-09-19,1.068436,0.0133,GBP
2023-09-18,1.068294,0.0412,GBP
2023-09-15,1.067854,0.0168,GBP
2023-09-14,1.067675,0.015,GBP
2023-09-13,1.067515,0.0166,GBP
2023-09-12,1.067338,0.0132,GBP
2023-09-11,1.067197,0.0406,GBP
2023-09-08,1.066764,0.0184,GBP
2023-09-07,1.066568,0.0152,GBP
2023-09-06,1.066406,0.0137,GBP
2023-09-05,1.06626,0.0192,GBP
2023-09-04,1.066055,0.0341,GBP
2023-09-01,1.065692,0.0209,GBP
2023-08-31,1.065469,0.0173,GBP
2023-08-30,1.065285,0.0123,GBP
2023-08-29,1.065154,0.0542,GBP
2023-08-25,1.064577,0.0206,GBP
2023-08-24,1.064358,0.0147,GBP
2023-08-23,1.064202,0.016,GBP
2023-08-22,1.064032,0.0149,GBP
2023-08-21,1.063874,0.0456,GBP
2023-08-18,1.063389,0.0156,GBP
2023-08-17,1.063223,0.0131,GBP
2023-08-16,1.063084,0.079,GBP
2023-08-15,1.062245,0.0162,GBP
2023-08-14,1.062073,0.0373,GBP
2023-08-11,1.061677,0.0152,GBP
2023-08-10,1.061516,0.0131,GBP
2023-08-09,1.061377,0.0143,GBP
2023-08-08,1.061225,0.0139,GBP
2023-08-07,1.061078,0.0432,GBP
2023-08-04,1.06062,0.018,GBP
2023-08-03,1.060429,0.0143,GBP
2023-08-02,1.060277,0.0155,GBP
2023-08-01,1.060113,0.0106,GBP
2023-07-31,1.060001,0.039,GBP
2023-07-28,1.059588,0.0185,GBP
2023-07-27,1.059392,0.014,GBP
2023-07-26,1.059244,0.0118,GBP
2023-07-25,1.059119,0.0142,GBP
2023-07-24,1.058969,0.0367,GBP
2023-07-21,1.058581,0.0195,GBP
2023-07-20,1.058375,0.0104,GBP
2023-07-19,1.058265,0.0171,GBP
2023-07-18,1.058084,0.0133,GBP
2023-07-17,1.057943,0.037,GBP
2023-07-14,1.057552,0.017,GBP
2023-07-13,1.057372,0.0147,GBP
2023-07-12,1.057217,0.0133,GBP
2023-07-11,1.057076,0.0126,GBP
2023-07-10,1.056943,0.0366,GBP
2023-07-07,1.056556,0.0162,GBP
2023-07-06,1.056385,0.0144,GBP
2023-07-05,1.056233,0.013,GBP
2023-07-04,1.056096,0.0146,GBP
2023-07-03,1.055942,0.0294,GBP
2023-06-30,1.055632,0.019,GBP
2023-06-29,1.055431,0.011,GBP
2023-06-28,1.055315,0.0119,GBP
2023-06-27,1.055189,0.018,GBP
2023-06-26,1.054999,0.0276,GBP
2023-06-23,1.054708,0.0098,GBP
2023-06-22,1.054605,0.0107,GBP
2023-06-21,1.054492,0.0111,GBP
2023-06-20,1.054375,0.0124,GBP
2023-06-19,1.054244,0.0349,GBP
2023-06-16,1.053876,0.0171,GBP
2023-06-15,1.053696,0.0114,GBP
2023-06-14,1.053576,0.0134,GBP
2023-06-13,1.053435,0.011,GBP
2023-06-12,1.053319,0.0322,GBP
2023-06-09,1.05298,0.0135,GBP
2023-06-08,1.052838,0.0123,GBP
2023-06-07,1.052708,0.0089,GBP
2023-06-06,1.052614,0.0157,GBP
2023-06-05,1.052449,0.0282,GBP
2023-06-02,1.052152,0.0202,GBP
2023-06-01,1.05194,0.0099,GBP
2023-05-31,1.051836,0.0184,GBP
2023-05-30,1.051642,0.0381,GBP
2023-05-26,1.051241,0.0157,GBP
2023-05-25,1.051076,0.0104,GBP
2023-05-24,1.050967,0.0059,GBP
2023-05-23,1.050905,0.0125,GBP
2023-05-22,1.050774,0.0328,GBP
2023-05-19,1.050429,0.0264,GBP
2023-05-18,1.050152,-0.0001,GBP
2023-05-17,1.050153,0.0104,GBP
2023-05-16,1.050044,0.0145,GBP
2023-05-15,1.049892,0.0332,GBP
2023-05-12,1.049544,0.0127,GBP
2023-05-11,1.049411,0.012,GBP
2023-05-10,1.049285,0.0159,GBP
2023-05-09,1.049118,0.0385,GBP
2023-05-05,1.048714,0.0175,GBP
2023-05-04,1.048531,0.01,GBP
2023-05-03,1.048426,0.0196,GBP
2023-05-02,1.048221,0.038,GBP
2023-04-28,1.047823,0.0115,GBP
2023-04-27,1.047703,0.0113,GBP
2023-04-26,1.047585,0.0127,GBP
2023-04-25,1.047452,0.0139,GBP
2023-04-24,1.047306,0.0797,GBP
2023-04-21,1.046472,0.0084,GBP
2023-04-20,1.046384,-0.0326,GBP
2023-04-19,1.046725,0.0109,GBP
2023-04-18,1.046611,0.0132,GBP
2023-04-17,1.046473,0.0328,GBP
2023-04-14,1.04613,0.0175,GBP
2023-04-13,1.045947,0.0083,GBP
2023-04-12,1.04586,0.0152,GBP
2023-04-11,1.045701,0.0523,GBP
2023-04-06,1.045154,0.0125,GBP
2023-04-05,1.045023,0.0069,GBP
2023-04-04,1.044951,0.0152,GBP
2023-04-03,1.044792,0.0305,GBP
2023-03-31,1.044473,0.0121,GBP
2023-03-30,1.044347,0.0114,GBP
2023-03-29,1.044228,0.0153,GBP
2023-03-28,1.044068,0.0112,GBP
2023-03-27,1.043951,0.0256,GBP
2023-03-24,1.043684,0.0111,GBP
2023-03-23,1.043568,0.0104,GBP
2023-03-22,1.04346,0.008,GBP
2023-03-21,1.043377,0.0143,GBP
2023-03-20,1.043228,0.0247,GBP
2023-03-17,1.04297,0.0113,GBP
2023-03-16,1.042852,0.0116,GBP
2023-03-15,1.042731,0.0114,GBP
2023-03-14,1.042612,0.0079,GBP
2023-03-13,1.04253,0.0304,GBP
2023-03-10,1.042213,0.0129,GBP
2023-03-09,1.042079,0.0106,GBP
2023-03-08,1.041969,0.0103,GBP
2023-03-07,1.041862,0.0098,GBP
2023-03-06,1.04176,0.0237,GBP
2023-03-03,1.041513,0.0114,GBP
2023-03-02,1.041394,0.0104,GBP
2023-03-01,1.041286,0.0127,GBP
2023-02-28,1.041154,0.0149,GBP
2023-02-27,1.040999,0.0247,GBP
2023-02-24,1.040742,0.0112,GBP
2023-02-23,1.040625,0.0125,GBP
2023-02-22,1.040495,0.0143,GBP
2023-02-21,1.040346,0.0143,GBP
2023-02-20,1.040197,0.0256,GBP
2023-02-17,1.039931,0.0133,GBP
2023-02-16,1.039793,0.0129,GBP
2023-02-15,1.039659,0.0136,GBP
2023-02-14,1.039518,0.011,GBP
2023-02-13,1.039404,0.0249,GBP
2023-02-10,1.039145,0.0113,GBP
2023-02-09,1.039028,0.0106,GBP
2023-02-08,1.038918,0.0085,GBP
2023-02-07,1.03883,0.0126,GBP
2023-02-06,1.038699,0.0268,GBP
2023-02-03,1.038421,0.0098,GBP
2023-02-02,1.038319,0.012,GBP
2023-02-01,1.038194,0.0092,GBP
2023-01-31,1.038098,0.0134,GBP
2023-01-30,1.037959,0.0229,GBP
2023-01-27,1.037721,0.0109,GBP
2023-01-26,1.037608,0.0236,GBP
2023-01-25,1.037363,0.0092,GBP
2023-01-24,1.037268,-0.0012,GBP
2023-01-23,1.03728,0.0325,GBP
2023-01-20,1.036943,0.0194,GBP
2023-01-19,1.036742,0.0083,GBP
2023-01-18,1.036656,0.0092,GBP
2023-01-17,1.036561,0.0096,GBP
2023-01-16,1.036461,0.0245,GBP
2023-01-13,1.036207,0.0037,GBP
2023-01-12,1.036169,0.0099,GBP
2023-01-11,1.036066,0.0193,GBP
2023-01-10,1.035866,0.0086,GBP
2023-01-09,1.035777,0.0228,GBP
2023-01-06,1.035541,0.0155,GBP
2023-01-05,1.035381,0.0074,GBP
2023-01-04,1.035304,0.009,GBP
2023-01-03,1.035211,0.0288,GBP
2022-12-30,1.034913,0.0106,GBP
2022-12-29,1.034803,0.0109,GBP
2022-12-28,1.03469,0.0383,GBP
2022-12-23,1.034294,0.0161,GBP
2022-12-22,1.034128,0.0114,GBP
2022-12-21,1.03401,0.0071,GBP
2022-12-20,1.033937,0.0123,GBP
2022-12-19,1.03381,0.0215,GBP
2022-12-16,1.033588,0.0143,GBP
2022-12-15,1.03344,0.0094,GBP
2022-12-14,1.033343,0.019,GBP
2022-12-13,1.033147,0.0137,GBP
2022-12-12,1.033005,0.0176,GBP
2022-12-09,1.032823,0.0105,GBP
2022-12-08,1.032715,0.0086,GBP
2022-12-07,1.032626,0.0073,GBP
2022-12-06,1.032551,0.0118,GBP
2022-12-05,1.032429,0.018,GBP
2022-12-02,1.032243,0.0188,GBP
2022-12-01,1.032049,0.0078,GBP
2022-11-30,1.031969,0.0075,GBP
2022-11-29,1.031892,0.0094,GBP
2022-11-28,1.031795,0.0219,GBP
2022-11-25,1.031569,0.012,GBP
2022-11-24,1.031445,0.0093,GBP
2022-11-23,1.031349,0.0066,GBP
2022-11-22,1.031281,0.0177,GBP
2022-11-21,1.031098,0.016,GBP
2022-11-18,1.030933,0.0105,GBP
2022-11-17,1.030825,0.0069,GBP
2022-11-16,1.030754,0.0059,GBP
2022-11-15,1.030693,0.0141,GBP
2022-11-14,1.030548,0.0143,GBP
2022-11-11,1.030401,0.0125,GBP
2022-11-10,1.030272,0.0087,GBP
2022-11-09,1.030182,0.0123,GBP
2022-11-08,1.030055,0.0065,GBP
2022-11-07,1.029988,0.0223,GBP
2022-11-04,1.029758,0.0073,GBP
2022-11-03,1.029683,-0.0034,GBP
2022-11-02,1.029718,0.0086,GBP
2022-11-01,1.029629,0.0125,GBP
2022-10-31,1.0295,0.0149,GBP
2022-10-28,1.029347,0.0014,GBP
2022-10-27,1.029333,0.0111,GBP
2022-10-26,1.029219,0.0087,GBP
2022-10-25,1.029129,0.0063,GBP
2022-10-24,1.029064,0.023,GBP
2022-10-21,1.028827,0.0099,GBP
2022-10-20,1.028725,0.0069,GBP
2022-10-19,1.028654,0.0063,GBP
2022-10-18,1.028589,0.0088,GBP
2022-10-17,1.028498,0.0188,GBP
2022-10-14,1.028305,0.0105,GBP
2022-10-13,1.028197,0.004,GBP
2022-10-12,1.028156,0.0115,GBP
2022-10-11,1.028038,0.0065,GBP
2022-10-10,1.027971,0.0147,GBP
2022-10-07,1.02782,0.0069,GBP
2022-10-06,1.027749,-0.0013,GBP
2022-10-05,1.027762,0.0083,GBP
2022-10-04,1.027677,0.011,GBP
2022-10-03,1.027564,0.0231,GBP
2022-09-30,1.027327,0.0122,GBP
2022-09-29,1.027202,0.0052,GBP
2022-09-28,1.027149,0.0012,GBP
2022-09-27,1.027137,-0.002,GBP
2022-09-26,1.027158,0.0034,GBP
2022-09-23,1.027123,0.0067,GBP
2022-09-22,1.027054,0.0041,GBP
2022-09-21,1.027012,0.0059,GBP
2022-09-20,1.026951,0.0174,GBP
2022-09-16,1.026772,0.0098,GBP
2022-09-15,1.026671,0.0097,GBP
2022-09-14,1.026571,0.007,GBP
2022-09-13,1.026499,0.0027,GBP
2022-09-12,1.026471,0.0133,GBP
2022-09-09,1.026334,0.0066,GBP
2022-09-08,1.026266,0.005,GBP
2022-09-07,1.026215,0.0082,GBP
2022-09-06,1.026131,0.0126,GBP
2022-09-05,1.026002,0.0106,GBP
2022-09-02,1.025893,0.0076,GBP
2022-09-01,1.025815,0.0025,GBP
2022-08-31,1.025789,0.0051,GBP
2022-08-30,1.025737,0.0131,GBP
2022-08-26,1.025603,0.0061,GBP
2022-08-25,1.02554,0.0059,GBP
2022-08-24,1.025479,0.0026,GBP
2022-08-23,1.025452,0.0043,GBP
2022-08-22,1.025408,0.0123,GBP
2022-08-19,1.025282,0.0038,GBP
2022-08-18,1.025243,0.0042,GBP
2022-08-17,1.0252,0.0017,GBP
2022-08-16,1.025183,0.0052,GBP
2022-08-15,1.02513,0.022,GBP
2022-08-12,1.024905,0.0045,GBP
2022-08-11,1.024859,0.0044,GBP
2022-08-10,1.024814,0.0054,GBP
2022-08-09,1.024759,0.0064,GBP
2022-08-08,1.024693,0.0095,GBP
2022-08-05,1.024596,-0.0021,GBP
2022-08-04,1.024618,0.0053,GBP
2022-08-03,1.024564,0.0021,GBP
2022-08-02,1.024542,0.0022,GBP
2022-08-01,1.024519,0.0115,GBP
2022-07-29,1.024401,0.0054,GBP
2022-07-28,1.024346,0.0036,GBP
2022-07-27,1.024309,0.0025,GBP
2022-07-26,1.024283,0.0015,GBP
2022-07-25,1.024268,0.0111,GBP
2022-07-22,1.024154,0.005,GBP
2022-07-21,1.024103,0.0027,GBP
2022-07-20,1.024075,0.0003,GBP
2022-07-19,1.024072,0.0058,GBP
2022-07-18,1.024013,0.0101,GBP
2022-07-15,1.02391,0.003,GBP
2022-07-14,1.023879,0.0016,GBP
2022-07-13,1.023863,0.0002,GBP
2022-07-12,1.023861,0.0063,GBP
2022-07-11,1.023797,0.0075,GBP
2022-07-08,1.02372,0.0027,GBP
2022-07-07,1.023692,0.0057,GBP
2022-07-06,1.023634,0.0017,GBP
2022-07-05,1.023617,0.0044,GBP
2022-07-04,1.023572,0.0086,GBP
2022-07-01,1.023484,0.0009,GBP
2022-06-30,1.023475,0.0031,GBP
2022-06-29,1.023443,0.008,GBP
2022-06-28,1.023361,0.0007,GBP
2022-06-27,1.023354,0.01,GBP
2022-06-24,1.023252,0.0041,GBP
2022-06-23,1.02321,0.0034,GBP
2022-06-22,1.023175,0.0039,GBP
2022-06-21,1.023135,0.002,GBP
2022-06-20,1.023115,0.0107,GBP
2022-06-17,1.023006,0.0038,GBP
2022-06-16,1.022967,0.0019,GBP
2022-06-15,1.022948,-0.0009,GBP
2022-06-14,1.022957,-0.0014,GBP
2022-06-13,1.022971,0.0059,GBP
2022-06-10,1.022911,0.0006,GBP
2022-06-09,1.022905,0.0015,GBP
2022-06-08,1.02289,0.0018,GBP
2022-06-07,1.022872,0.0037,GBP
2022-06-06,1.022834,0.0119,GBP
2022-06-01,1.022712,0.0033,GBP
2022-05-31,1.022678,0.0006,GBP
2022-05-30,1.022672,0.0102,GBP
2022-05-27,1.022568,0.0016,GBP
2022-05-26,1.022552,0.005,GBP
2022-05-25,1.022501,0.0016,GBP
2022-05-24,1.022485,0.0058,GBP
2022-05-23,1.022426,0.0067,GBP
2022-05-20,1.022358,0.0024,GBP
2022-05-19,1.022333,0.001,GBP
2022-05-18,1.022323,-0.0009,GBP
2022-05-17,1.022332,0.0033,GBP
2022-05-16,1.022298,0.0062,GBP
2022-05-13,1.022235,0.0047,GBP
2022-05-12,1.022187,0.0029,GBP
2022-05-11,1.022157,0.0018,GBP
2022-05-10,1.022139,0.0017,GBP
2022-05-09,1.022122,0.0084,GBP
2022-05-06,1.022036,0.0048,GBP
2022-05-05,1.021987,0.0028,GBP
2022-05-04,1.021958,0,GBP
2022-05-03,1.021958,0.0096,GBP
2022-04-29,1.02186,0.0011,GBP
2022-04-28,1.021849,0.0035,GBP
2022-04-27,1.021813,0.0027,GBP
2022-04-26,1.021785,0.0037,GBP
2022-04-25,1.021747,0.0036,GBP
2022-04-22,1.02171,0.0007,GBP
2022-04-21,1.021703,0.001,GBP
2022-04-20,1.021693,0.0012,GBP
2022-04-19,1.021681,0.0099,GBP
2022-04-14,1.02158,0.0016,GBP
2022-04-13,1.021564,-0.0002,GBP
2022-04-12,1.021566,0.0005,GBP
2022-04-11,1.021561,0.006,GBP
2022-04-08,1.0215,0.005,GBP
2022-04-07,1.021449,0.003,GBP
2022-04-06,1.021418,0.0019,GBP
2022-04-05,1.021399,0.0023,GBP
2022-04-04,1.021375,0.0061,GBP
2022-04-01,1.021313,0.001,GBP
2022-03-31,1.021303,0.0016,GBP
2022-03-30,1.021287,0.0039,GBP
2022-03-29,1.021247,0.0032,GBP
2022-03-28,1.021214,0.0043,GBP
2022-03-25,1.02117,-0.0036,GBP
2022-03-24,1.021207,0.0019,GBP
2022-03-23,1.021188,0.0029,GBP
2022-03-22,1.021158,0.0081,GBP
2022-03-21,1.021075,0.0048,GBP
2022-03-18,1.021026,0.0042,GBP
2022-03-17,1.020983,0.0005,GBP
2022-03-16,1.020978,-0.0036,GBP
2022-03-15,1.021015,-0.0014,GBP
2022-03-14,1.021029,0.0021,GBP
2022-03-11,1.021008,-0.0033,GBP
2022-03-10,1.021042,0.0001,GBP
2022-03-09,1.021041,0.0012,GBP
2022-03-08,1.021029,-0.0025,GBP
2022-03-07,1.021055,0.0029,GBP
2022-03-04,1.021025,0.0014,GBP
2022-03-03,1.021011,-0.005,GBP
2022-03-02,1.021062,0.0018,GBP
2022-03-01,1.021044,0.0004,GBP
2022-02-28,1.02104,0.0045,GBP
2022-02-25,1.020994,-0.0005,GBP
2022-02-24,1.020999,0.0026,GBP
2022-02-23,1.020972,0.0024,GBP
2022-02-22,1.020948,0.0007,GBP
2022-02-21,1.020941,0.004,GBP
2022-02-18,1.0209,0.0011,GBP
2022-02-17,1.020889,0.0009,GBP
2022-02-16,1.02088,0.0038,GBP
2022-02-15,1.020841,-0.0002,GBP
2022-02-14,1.020843,-0.0024,GBP
2022-02-11,1.020867,0.0024,GBP
2022-02-10,1.020843,0.0002,GBP
2022-02-09,1.020841,0.0004,GBP
2022-02-08,1.020837,0.0002,GBP
2022-02-07,1.020835,0.001,GBP
2022-02-04,1.020825,-0.003,GBP
2022-02-03,1.020856,0.0009,GBP
2022-02-02,1.020847,-0.0001,GBP
2022-02-01,1.020848,-0.0003,GBP
2022-01-31,1.020851,0.0009,GBP
2022-01-28,1.020842,-0.0002,GBP
2022-01-27,1.020844,0.0003,GBP
2022-01-26,1.020841,-0.0002,GBP
2022-01-25,1.020843,0.0005,GBP
2022-01-24,1.020838,0.0011,GBP
2022-01-21,1.020827,-0.0003,GBP
2022-01-20,1.02083,-0.0002,GBP
2022-01-19,1.020832,0.0002,GBP
2022-01-18,1.02083,-0.0006,GBP
2022-01-17,1.020836,0.002,GBP
2022-01-14,1.020816,0,GBP
2022-01-13,1.020816,-0.0006,GBP
2022-01-12,1.020822,0.0003,GBP
2022-01-11,1.020819,0.0001,GBP
2022-01-10,1.020818,0.0015,GBP
2022-01-07,1.020803,0,GBP
2022-01-06,1.020803,-0.0019,GBP
2022-01-05,1.020822,-0.0008,GBP
2022-01-04,1.02083,-0.0051,GBP
2021-12-31,1.020882,-0.0017,GBP
2021-12-30,1.020899,-0.0015,GBP
2021-12-29,1.020914,0.0025,GBP
2021-12-24,1.020888,-0.0015,GBP
2021-12-23,1.020903,-0.0004,GBP
2021-12-22,1.020907,-0.0007,GBP
2021-12-21,1.020914,-0.0002,GBP
2021-12-20,1.020916,0.0023,GBP
2021-12-17,1.020893,-0.0036,GBP
2021-12-16,1.02093,-0.0014,GBP
2021-12-15,1.020944,-0.0005,GBP
2021-12-14,1.020949,0.0008,GBP
2021-12-13,1.020941,0.0023,GBP
2021-12-10,1.020918,-0.0008,GBP
2021-12-09,1.020926,0.001,GBP
2021-12-08,1.020916,0.0002,GBP
2021-12-07,1.020914,0.0007,GBP
2021-12-06,1.020907,0.0021,GBP
2021-12-03,1.020886,-0.0012,GBP
2021-12-02,1.020898,-0.0002,GBP
2021-12-01,1.0209,-0.0004,GBP
2021-11-30,1.020904,0.0005,GBP
2021-11-29,1.020899,0.0024,GBP
2021-11-26,1.020874,-0.0006,GBP
2021-11-25,1.02088,0,GBP
2021-11-24,1.02088,0,GBP
2021-11-23,1.02088,0,GBP
2021-11-22,1.02088,0.0011,GBP
2021-11-19,1.020869,0.0004,GBP
2021-11-18,1.020865,0,GBP
2021-11-17,1.020865,-0.0001,GBP
2021-11-16,1.020866,0.0005,GBP
2021-11-15,1.020861,0.0016,GBP
2021-11-12,1.020845,-0.0009,GBP
2021-11-11,1.020854,0.0013,GBP
2021-11-10,1.020841,0,GBP
2021-11-09,1.020841,-0.0013,GBP
2021-11-08,1.020854,0.0041,GBP
2021-11-05,1.020812,0.0067,GBP
2021-11-04,1.020744,-0.0006,GBP
2021-11-03,1.02075,0.0004,GBP
2021-11-02,1.020746,0.0021,GBP
2021-11-01,1.020725,0.0026,GBP
2021-10-29,1.020698,0.0003,GBP
2021-10-28,1.020695,-0.0017,GBP
2021-10-27,1.020712,0.0012,GBP
2021-10-26,1.0207,0.001,GBP
2021-10-25,1.02069,0.0047,GBP
2021-10-22,1.020642,-0.0008,GBP
2021-10-21,1.02065,-0.0008,GBP
2021-10-20,1.020658,-0.0014,GBP
2021-10-19,1.020672,-0.0034,GBP
2021-10-18,1.020707,-0.0034,GBP
2021-10-15,1.020742,-0.0016,GBP
2021-10-14,1.020758,-0.0015,GBP
2021-10-13,1.020773,0,GBP
2021-10-12,1.020773,-0.0026,GBP
2021-10-11,1.0208,-0.0004,GBP
2021-10-08,1.020804,-0.0007,GBP
2021-10-07,1.020811,-0.0004,GBP
2021-10-06,1.020815,-0.0004,GBP
2021-10-05,1.020819,-0.0004,GBP
2021-10-04,1.020823,0.0005,GBP
2021-10-01,1.020818,-0.0012,GBP
2021-09-30,1.02083,0,GBP
2021-09-29,1.02083,0.0002,GBP
2021-09-28,1.020828,-0.0002,GBP
2021-09-27,1.02083,-0.0002,GBP
2021-09-24,1.020832,-0.0004,GBP
2021-09-23,1.020836,-0.0003,GBP
2021-09-22,1.020839,0.0003,GBP
2021-09-21,1.020836,-0.0006,GBP
2021-09-20,1.020842,0.0013,GBP
2021-09-17,1.020829,-0.0009,GBP
2021-09-16,1.020838,-0.0003,GBP
2021-09-15,1.020841,-0.0004,GBP
2021-09-14,1.020845,0.0002,GBP
2021-09-13,1.020843,-0.0005,GBP
2021-09-10,1.020848,0.0001,GBP
2021-09-09,1.020847,-0.0003,GBP
2021-09-08,1.02085,0.0013,GBP
2021-09-07,1.020837,-0.0004,GBP
2021-09-06,1.020841,0.0011,GBP
2021-09-03,1.02083,-0.001,GBP
2021-09-02,1.02084,-0.0003,GBP
2021-09-01,1.020843,-0.0001,GBP
2021-08-31,1.020844,0.0014,GBP
2021-08-27,1.02083,-0.0016,GBP
2021-08-26,1.020846,-0.0001,GBP
2021-08-25,1.020847,0.0002,GBP
2021-08-24,1.020845,-0.0002,GBP
2021-08-23,1.020847,0.0007,GBP
2021-08-20,1.02084,-0.0012,GBP
2021-08-19,1.020852,0.0001,GBP
2021-08-18,1.020851,-0.0002,GBP
2021-08-17,1.020853,-0.0002,GBP
2021-08-16,1.020855,0.0011,GBP
2021-08-13,1.020844,-0.0009,GBP
2021-08-12,1.020853,-0.0003,GBP
2021-08-11,1.020856,0,GBP
2021-08-10,1.020856,-0.0003,GBP
2021-08-09,1.020859,0.0006,GBP
2021-08-06,1.020853,-0.0011,GBP
2021-08-05,1.020864,-0.0002,GBP
2021-08-04,1.020866,0.0001,GBP
2021-08-03,1.020865,0.0007,GBP
2021-08-02,1.020858,0.0017,GBP
2021-07-30,1.020841,-0.0024,GBP
2021-07-29,1.020865,0,GBP
2021-07-28,1.020865,-0.0002,GBP
2021-07-27,1.020867,-0.0005,GBP
2021-07-26,1.020872,0.0012,GBP
2021-07-23,1.02086,-0.0013,GBP
2021-07-22,1.020873,-0.0002,GBP
2021-07-21,1.020875,-0.0002,GBP
2021-07-20,1.020877,-0.0001,GBP
2021-07-19,1.020878,0.0007,GBP
2021-07-16,1.020871,-0.0014,GBP
2021-07-15,1.020885,-0.0004,GBP
2021-07-14,1.020889,0.0001,GBP
2021-07-13,1.020888,-0.0002,GBP
2021-07-12,1.02089,0.0005,GBP
2021-07-09,1.020885,-0.0005,GBP
2021-07-08,1.02089,0,GBP
2021-07-07,1.02089,0,GBP
2021-07-06,1.02089,0.0006,GBP
2021-07-05,1.020884,0.0001,GBP
2021-07-02,1.020883,-0.0004,GBP
2021-07-01,1.020887,0.0006,GBP
2021-06-30,1.020881,0,GBP
2021-06-29,1.020881,-0.0001,GBP
2021-06-28,1.020882,0.0003,GBP
2021-06-25,1.020879,-0.0003,GBP
2021-06-24,1.020882,-0.0004,GBP
2021-06-23,1.020886,-0.0002,GBP
2021-06-22,1.020888,-0.0002,GBP
2021-06-21,1.02089,-0.0005,GBP
2021-06-18,1.020895,0.0091,GBP
2021-06-17,1.020802,-0.0002,GBP
2021-06-16,1.020804,-0.0001,GBP
2021-06-15,1.020805,-0.0004,GBP
2021-06-14,1.020809,0.0039,GBP
2021-06-11,1.020769,-0.0014,GBP
2021-06-10,1.020783,-0.0036,GBP
2021-06-09,1.02082,-0.0026,GBP
2021-06-08,1.020847,-0.0001,GBP
2021-06-07,1.020848,0.0007,GBP
2021-06-04,1.020841,-0.0007,GBP
2021-06-03,1.020848,-0.0014,GBP
2021-06-02,1.020862,-0.0002,GBP
2021-06-01,1.020864,0,GBP
2021-05-28,1.020864,-0.0018,GBP
2021-05-27,1.020882,-0.0002,GBP
2021-05-26,1.020884,-0.0001,GBP
2021-05-25,1.020885,0.0002,GBP
2021-05-24,1.020883,0.001,GBP
2021-05-21,1.020873,-0.001,GBP
2021-05-20,1.020883,0.0034,GBP
2021-05-19,1.020848,-0.0029,GBP
2021-05-18,1.020878,-0.0003,GBP
2021-05-17,1.020881,-0.003,GBP
2021-05-14,1.020912,-0.001,GBP
2021-05-13,1.020922,-0.0002,GBP
2021-05-12,1.020924,-0.0001,GBP
2021-05-11,1.020925,-0.0001,GBP
2021-05-10,1.020926,0.0021,GBP
2021-05-07,1.020905,-0.0006,GBP
2021-05-06,1.020911,-0.0004,GBP
2021-05-05,1.020915,-0.0021,GBP
2021-05-04,1.020936,0.0016,GBP
2021-04-30,1.02092,-0.0009,GBP
2021-04-29,1.020929,-0.0004,GBP
2021-04-28,1.020933,-0.0001,GBP
2021-04-27,1.020934,-0.0002,GBP
2021-04-26,1.020936,0.0007,GBP
2021-04-23,1.020929,-0.0009,GBP
2021-04-22,1.020938,-0.0001,GBP
2021-04-21,1.020939,0.0001,GBP
2021-04-20,1.020938,-0.0002,GBP
2021-04-19,1.02094,0.0008,GBP
2021-04-16,1.020932,-0.0008,GBP
2021-04-15,1.02094,-0.0007,GBP
2021-04-14,1.020947,0.0001,GBP
2021-04-13,1.020946,0,GBP
2021-04-12,1.020946,0.0001,GBP
2021-04-09,1.020945,-0.0005,GBP
2021-04-08,1.02095,-0.0005,GBP
2021-04-07,1.020955,-0.0003,GBP
2021-04-06,1.020958,0.0005,GBP
2021-04-01,1.020953,-0.0001,GBP
2021-03-31,1.020954,-0.001,GBP
2021-03-30,1.020964,0.0024,GBP
2021-03-29,1.020939,-0.0028,GBP
2021-03-26,1.020968,-0.0004,GBP
2021-03-25,1.020972,0.002,GBP
2021-03-24,1.020952,0.0059,GBP
2021-03-23,1.020892,0.0001,GBP
2021-03-22,1.020891,-0.0016,GBP
2021-03-19,1.020907,0.0002,GBP
2021-03-18,1.020905,-0.0029,GBP
2021-03-17,1.020935,0.0001,GBP
2021-03-16,1.020934,-0.0005,GBP
2021-03-15,1.020939,0.0005,GBP
2021-03-12,1.020934,0.0002,GBP
2021-03-11,1.020932,-0.0005,GBP
2021-03-10,1.020937,-0.0005,GBP
2021-03-09,1.020942,-0.0002,GBP
2021-03-08,1.020944,0.0014,GBP
2021-03-05,1.02093,-0.0032,GBP
2021-03-04,1.020963,-0.0005,GBP
2021-03-03,1.020968,-0.0003,GBP
2021-03-02,1.020971,0.0002,GBP
2021-03-01,1.020969,0.0003,GBP
2021-02-26,1.020966,0.0001,GBP
2021-02-25,1.020965,-0.0043,GBP
2021-02-24,1.021009,-0.0031,GBP
2021-02-23,1.021041,-0.0001,GBP
2021-02-22,1.021042,0.0006,GBP
2021-02-19,1.021036,-0.0002,GBP
2021-02-18,1.021038,-0.0007,GBP
2021-02-17,1.021045,0,GBP
2021-02-16,1.021045,-0.0005,GBP
2021-02-15,1.02105,0.0002,GBP
2021-02-12,1.021048,-0.0008,GBP
2021-02-11,1.021056,-0.0006,GBP
2021-02-10,1.021062,-0.0001,GBP
2021-02-09,1.021063,0.003,GBP
2021-02-08,1.021032,0.0002,GBP
2021-02-05,1.02103,-0.0006,GBP
2021-02-04,1.021036,-0.0004,GBP
2021-02-03,1.02104,-0.0005,GBP
2021-02-02,1.021045,-0.0003,GBP
2021-02-01,1.021048,0.0001,GBP
2021-01-29,1.021047,-0.0001,GBP
2021-01-28,1.021048,-0.0044,GBP
2021-01-27,1.021093,-0.0006,GBP
2021-01-26,1.021099,0.0016,GBP
2021-01-25,1.021083,-0.002,GBP
2021-01-22,1.021103,0.0016,GBP
2021-01-21,1.021087,0.0005,GBP
2021-01-20,1.021082,-0.0005,GBP
2021-01-19,1.021087,-0.0024,GBP
2021-01-18,1.021111,0.0012,GBP
2021-01-15,1.021099,0.0017,GBP
2021-01-14,1.021082,-0.0016,GBP
2021-01-13,1.021098,0.0002,GBP
2021-01-12,1.021096,-0.0036,GBP
2021-01-11,1.021133,0.0043,GBP
2021-01-08,1.021089,-0.0019,GBP
2021-01-07,1.021108,-0.0007,GBP
2021-01-06,1.021115,-0.0007,GBP
2021-01-05,1.021122,-0.0015,GBP
2021-01-04,1.021137,0.0027,GBP
2020-12-31,1.021109,-0.0034,GBP
2020-12-30,1.021144,-0.0023,GBP
2020-12-29,1.021167,0.0028,GBP
2020-12-24,1.021138,-0.0036,GBP
2020-12-23,1.021175,0.0001,GBP
2020-12-22,1.021174,0.0002,GBP
2020-12-21,1.021172,0.0013,GBP
2020-12-18,1.021159,-0.0022,GBP
2020-12-17,1.021181,0.0008,GBP
2020-12-16,1.021173,0,GBP
2020-12-15,1.021173,0.0002,GBP
2020-12-14,1.021171,0.0013,GBP
2020-12-11,1.021158,-0.001,GBP
2020-12-10,1.021168,-0.0001,GBP
2020-12-09,1.021169,0.0003,GBP
2020-12-08,1.021166,-0.0002,GBP
2020-12-07,1.021168,0.0012,GBP
2020-12-04,1.021156,-0.0007,GBP
2020-12-03,1.021163,0.0005,GBP
2020-12-02,1.021158,0.0036,GBP
2020-12-01,1.021121,-0.0001,GBP
2020-11-30,1.021122,0.0012,GBP
2020-11-27,1.02111,-0.0017,GBP
2020-11-26,1.021127,0,GBP
2020-11-25,1.021127,-0.0042,GBP
2020-11-24,1.02117,0,GBP
2020-11-23,1.02117,0.0012,GBP
2020-11-20,1.021158,-0.0013,GBP
2020-11-19,1.021171,-0.0002,GBP
2020-11-18,1.021173,-0.0002,GBP
2020-11-17,1.021175,0.0003,GBP
2020-11-16,1.021172,0.0007,GBP
2020-11-13,1.021165,-0.0016,GBP
2020-11-12,1.021181,0.0004,GBP
2020-11-11,1.021177,-0.0001,GBP
2020-11-10,1.021178,-0.0005,GBP
2020-11-09,1.021183,0.0004,GBP
2020-11-06,1.021179,-0.0012,GBP
2020-11-05,1.021191,0.0013,GBP
2020-11-04,1.021178,0.0013,GBP
2020-11-03,1.021165,-0.0002,GBP
2020-11-02,1.021167,0.0015,GBP
2020-10-30,1.021152,-0.0013,GBP
2020-10-29,1.021165,0.0003,GBP
2020-10-28,1.021162,-0.0002,GBP
2020-10-27,1.021164,-0.0016,GBP
2020-10-26,1.02118,0.0013,GBP
2020-10-23,1.021167,-0.0007,GBP
2020-10-22,1.021174,0.0003,GBP
2020-10-21,1.021171,-0.0006,GBP
2020-10-20,1.021177,0.0003,GBP
2020-10-19,1.021174,0.0007,GBP
2020-10-16,1.021167,-0.001,GBP
2020-10-15,1.021177,0.0002,GBP
2020-10-14,1.021175,-0.0004,GBP
2020-10-13,1.021179,-0.0003,GBP
2020-10-12,1.021182,0.0004,GBP
2020-10-09,1.021178,0.0001,GBP
2020-10-08,1.021177,0.0004,GBP
2020-10-07,1.021173,-0.0008,GBP
2020-10-06,1.021181,-0.0002,GBP
2020-10-05,1.021183,-0.0047,GBP
2020-10-02,1.021231,-0.0007,GBP
2020-10-01,1.021238,-0.0002,GBP
2020-09-30,1.02124,0.0002,GBP
2020-09-29,1.021238,0.0001,GBP
2020-09-28,1.021237,0.0002,GBP
2020-09-25,1.021235,0.0001,GBP
2020-09-24,1.021234,0,GBP
2020-09-23,1.021234,0,GBP
2020-09-22,1.021234,-0.0007,GBP
2020-09-21,1.021241,-0.0006,GBP
2020-09-18,1.021247,0.001,GBP
2020-09-17,1.021237,0.0002,GBP
2020-09-16,1.021235,0.0002,GBP
2020-09-15,1.021233,0.0001,GBP
2020-09-14,1.021232,0.0005,GBP
2020-09-11,1.021227,0.0001,GBP
2020-09-10,1.021226,-0.0005,GBP
2020-09-09,1.021231,-0.001,GBP
2020-09-08,1.021241,0.001,GBP
2020-09-07,1.021231,0.0093,GBP
2020-09-04,1.021136,0.0001,GBP
2020-09-03,1.021135,-0.002,GBP
2020-09-02,1.021155,0.0004,GBP
2020-09-01,1.021151,0.0002,GBP
2020-08-28,1.021149,-0.0001,GBP
2020-08-27,1.02115,0.0005,GBP
2020-08-26,1.021145,-0.0039,GBP
2020-08-25,1.021185,0.0007,GBP
2020-08-24,1.021178,0.0009,GBP
2020-08-21,1.021169,-0.0008,GBP
2020-08-20,1.021177,-0.0003,GBP
2020-08-19,1.02118,-0.0011,GBP
2020-08-18,1.021191,0.0003,GBP
2020-08-17,1.021188,0.0009,GBP
2020-08-14,1.021179,0.0003,GBP
2020-08-13,1.021176,0.0007,GBP
2020-08-12,1.021169,-0.0005,GBP
2020-08-11,1.021174,0.0005,GBP
2020-08-10,1.021169,0.0024,GBP
2020-08-07,1.021144,-0.0003,GBP
2020-08-06,1.021147,-0.0005,GBP
2020-08-05,1.021152,-0.0016,GBP
2020-08-04,1.021168,0.0006,GBP
2020-08-03,1.021162,0.0004,GBP
2020-07-31,1.021158,0.0002,GBP
2020-07-30,1.021156,0.0007,GBP
2020-07-29,1.021149,-0.006,GBP
2020-07-28,1.02121,-0.0011,GBP
2020-07-27,1.021221,0.001,GBP
2020-07-24,1.021211,0.0004,GBP
2020-07-23,1.021207,0.0004,GBP
2020-07-22,1.021203,-0.0004,GBP
2020-07-21,1.021207,0.0022,GBP
2020-07-20,1.021185,0.0025,GBP
2020-07-17,1.021159,-0.002,GBP
2020-07-16,1.021179,0.0011,GBP
2020-07-15,1.021168,0.0401,GBP
2020-07-14,1.020759,0.0003,GBP
2020-07-13,1.020756,0.0044,GBP
2020-07-10,1.020711,-0.0036,GBP
2020-07-09,1.020748,0.0016,GBP
2020-07-08,1.020732,0.0005,GBP
2020-07-07,1.020727,0.0011,GBP
2020-07-06,1.020716,0.0051,GBP
2020-07-03,1.020664,-0.0014,GBP
2020-07-02,1.020678,-0.0037,GBP
2020-07-01,1.020716,0.0026,GBP
2020-06-30,1.020689,0.0008,GBP
2020-06-29,1.020681,0.0024,GBP
2020-06-26,1.020656,-0.0012,GBP
2020-06-25,1.020668,-0.0055,GBP
2020-06-24,1.020724,0.0024,GBP
2020-06-23,1.0207,0.0004,GBP
2020-06-22,1.020696,0.0013,GBP
2020-06-19,1.020683,-0.0021,GBP
2020-06-18,1.020704,0.0001,GBP
2020-06-17,1.020703,0.0011,GBP
2020-06-16,1.020692,-0.0014,GBP
2020-06-15,1.020706,0.0036,GBP
2020-06-12,1.020669,-0.0031,GBP
2020-06-11,1.020701,0.001,GBP
2020-06-10,1.020691,0.0012,GBP
2020-06-09,1.020679,0.0012,GBP
2020-06-08,1.020667,0.004,GBP
2020-06-05,1.020626,0.0009,GBP
2020-06-04,1.020617,-0.0007,GBP
2020-06-03,1.020624,-0.0053,GBP
2020-06-02,1.020678,-0.0061,GBP
2020-06-01,1.02074,0.0048,GBP
2020-05-29,1.020691,0.0004,GBP
2020-05-28,1.020687,-0.0012,GBP
2020-05-27,1.020699,-0.002,GBP
2020-05-26,1.020719,0.0038,GBP
2020-05-22,1.02068,0.0012,GBP
2020-05-21,1.020668,-0.0013,GBP
2020-05-20,1.020681,0.0016,GBP
2020-05-19,1.020665,-0.0012,GBP
2020-05-18,1.020677,0.0007,GBP
2020-05-15,1.02067,0.0011,GBP
2020-05-14,1.020659,-0.0001,GBP
2020-05-13,1.02066,0.0023,GBP
2020-05-12,1.020637,0.0004,GBP
2020-05-11,1.020633,0.0059,GBP
2020-05-07,1.020573,-0.0019,GBP
2020-05-06,1.020592,-0.0001,GBP
2020-05-05,1.020593,0.0003,GBP
2020-05-04,1.02059,0.0059,GBP
2020-05-01,1.02053,-0.0012,GBP
2020-04-30,1.020542,0.0029,GBP
2020-04-29,1.020512,0.0024,GBP
2020-04-28,1.020488,-0.001,GBP
2020-04-27,1.020498,0.0036,GBP
2020-04-24,1.020461,0.0015,GBP
2020-04-23,1.020446,0.0021,GBP
2020-04-22,1.020425,0.0013,GBP
2020-04-21,1.020412,0.0014,GBP
2020-04-20,1.020398,0.0044,GBP
2020-04-17,1.020353,-0.0004,GBP
2020-04-16,1.020357,0.0011,GBP
2020-04-15,1.020346,0.0022,GBP
2020-04-14,1.020324,0.0071,GBP
2020-04-09,1.020252,0.0014,GBP
2020-04-08,1.020238,-0.0003,GBP
2020-04-07,1.020241,0.0014,GBP
2020-04-06,1.020227,0.0016,GBP
2020-04-03,1.020211,0.0025,GBP
2020-04-02,1.020186,-0.0005,GBP
2020-04-01,1.020191,-0.0025,GBP
2020-03-31,1.020216,0.0006,GBP
2020-03-30,1.02021,0.0018,GBP
2020-03-27,1.020192,-0.0009,GBP
2020-03-26,1.020201,0.0002,GBP
2020-03-25,1.020199,-0.0011,GBP
2020-03-24,1.02021,-0.0019,GBP
2020-03-23,1.020229,0.0051,GBP
2020-03-20,1.020177,0.005,GBP
2020-03-19,1.020126,-0.0041,GBP
2020-03-18,1.020168,0.002,GBP
2020-03-17,1.020148,0.001,GBP
2020-03-16,1.020138,0.0047,GBP
2020-03-13,1.02009,-0.0008,GBP
2020-03-12,1.020098,0.0033,GBP
2020-03-11,1.020064,0.0065,GBP
2020-03-10,1.019998,-0.0009,GBP
2020-03-09,1.020007,0.0088,GBP
2020-03-06,1.019917,0,GBP
2020-03-05,1.019917,0.0039,GBP
2020-03-04,1.019877,0.0053,GBP
2020-03-03,1.019823,0.0027,GBP
2020-03-02,1.019795,0.0085,GBP
2020-02-28,1.019708,0.0046,GBP
2020-02-27,1.019661,0.0026,GBP
2020-02-26,1.019634,0.0015,GBP
2020-02-25,1.019619,0.0027,GBP
2020-02-24,1.019591,0.0071,GBP
2020-02-21,1.019519,0.0009,GBP
2020-02-20,1.01951,0.0018,GBP
2020-02-19,1.019492,0.0017,GBP
2020-02-18,1.019475,0.0019,GBP
2020-02-17,1.019456,0.0032,GBP
2020-02-14,1.019423,0.0008,GBP
2020-02-13,1.019415,0.0022,GBP
2020-02-12,1.019393,0.0052,GBP
2020-02-11,1.01934,0.0017,GBP
2020-02-10,1.019323,0.0054,GBP
2020-02-07,1.019268,0.0015,GBP
2020-02-06,1.019253,0.0016,GBP
2020-02-05,1.019237,0.002,GBP
2020-02-04,1.019217,0.0022,GBP
2020-02-03,1.019195,0.0044,GBP
2020-01-31,1.01915,0,GBP
2020-01-30,1.01915,0.0021,GBP
2020-01-29,1.019129,0.0019,GBP
2020-01-28,1.01911,0.0017,GBP
2020-01-27,1.019093,0.006,GBP
2020-01-24,1.019032,0.0017,GBP
2020-01-23,1.019015,0.0025,GBP
2020-01-22,1.01899,0.0014,GBP
2020-01-21,1.018976,0.0024,GBP
2020-01-20,1.018952,0.0063,GBP
2020-01-17,1.018888,0.0022,GBP
2020-01-16,1.018866,0.0027,GBP
2020-01-15,1.018839,0.0023,GBP
2020-01-14,1.018816,0.002,GBP
2020-01-13,1.018796,0.0082,GBP
2020-01-10,1.018712,0.002,GBP
2020-01-09,1.018692,0.0027,GBP
2020-01-08,1.018664,0.002,GBP
2020-01-07,1.018644,0.0021,GBP
2020-01-06,1.018623,0.0055,GBP
2020-01-03,1.018567,0.001,GBP
2020-01-02,1.018557,0.0096,GBP
2019-12-31,1.018459,0.0022,GBP
2019-12-30,1.018437,0.0053,GBP
2019-12-27,1.018383,0.0038,GBP
2019-12-24,1.018344,0.0024,GBP
2019-12-23,1.01832,0.0065,GBP
2019-12-20,1.018254,0.0023,GBP
2019-12-19,1.018231,0.0019,GBP
2019-12-18,1.018212,0.0034,GBP
2019-12-17,1.018177,0.0011,GBP
2019-12-16,1.018166,0.0057,GBP
2019-12-13,1.018108,0.0002,GBP
2019-12-12,1.018106,0.003,GBP
2019-12-11,1.018075,0.0038,GBP
2019-12-10,1.018036,0.0022,GBP
2019-12-09,1.018014,0.0056,GBP
2019-12-06,1.017957,0.0026,GBP
2019-12-05,1.017931,0.0017,GBP
2019-12-04,1.017914,0.0032,GBP
2019-12-03,1.017881,0.0023,GBP
2019-12-02,1.017858,0.0057,GBP
2019-11-29,1.0178,0.0024,GBP
2019-11-28,1.017776,0.0017,GBP
2019-11-27,1.017759,0.0017,GBP
2019-11-26,1.017742,0.0014,GBP
2019-11-25,1.017728,0.0059,GBP
2019-11-22,1.017668,0.0022,GBP
2019-11-21,1.017646,0.0012,GBP
2019-11-20,1.017634,0.0016,GBP
2019-11-19,1.017618,0.0021,GBP
2019-11-18,1.017597,0.0053,GBP
2019-11-15,1.017543,0.0029,GBP
2019-11-14,1.017513,0.0023,GBP
2019-11-13,1.01749,0.0033,GBP
2019-11-12,1.017456,-0.0003,GBP
2019-11-11,1.017459,0.0055,GBP
2019-11-08,1.017403,0.0018,GBP
2019-11-07,1.017385,0.001,GBP
2019-11-06,1.017375,0.0021,GBP
2019-11-05,1.017354,0.0024,GBP
2019-11-04,1.01733,0.0046,GBP
2019-11-01,1.017283,0.0029,GBP
2019-10-31,1.017254,0.0028,GBP
2019-10-30,1.017226,0.0024,GBP
2019-10-29,1.017202,0.0008,GBP
2019-10-28,1.017194,0.0058,GBP
2019-10-25,1.017135,0.0026,GBP
2019-10-24,1.017109,0.0018,GBP
2019-10-23,1.017091,0.0029,GBP
2019-10-22,1.017062,0.0012,GBP
2019-10-21,1.01705,0.006,GBP
2019-10-18,1.016989,0.0016,GBP
2019-10-17,1.016973,0.0015,GBP
2019-10-16,1.016958,0.0008,GBP
2019-10-15,1.01695,0.0024,GBP
2019-10-14,1.016926,0.0038,GBP
2019-10-11,1.016887,0.0025,GBP
2019-10-10,1.016862,0.001,GBP
2019-10-09,1.016852,0.0027,GBP
2019-10-08,1.016825,0.0033,GBP
2019-10-07,1.016791,0.0037,GBP
2019-10-04,1.016753,0.0031,GBP
2019-10-03,1.016721,0.003,GBP
2019-10-02,1.01669,0.0022,GBP
2019-10-01,1.016668,-0.0006,GBP
2019-09-30,1.016674,,GBP
